name,type,filepath
bulbasaur,Grass,../data/images/bulbasaur.png
ivysaur,Grass,../data/images/ivysaur.png
venusaur,Grass,../data/images/venusaur.png
charmander,Fire,../data/images/charmander.png
charmeleon,Fire,../data/images/charmeleon.png
charizard,Fire,../data/images/charizard.png
squirtle,Water,../data/images/squirtle.png
wartortle,Water,../data/images/wartortle.png
blastoise,Water,../data/images/blastoise.png
caterpie,Bug,../data/images/caterpie.png
metapod,Bug,../data/images/metapod.png
butterfree,Bug,../data/images/butterfree.png
weedle,Bug,../data/images/weedle.png
kakuna,Bug,../data/images/kakuna.png
beedrill,Bug,../data/images/beedrill.png
pidgey,Normal,../data/images/pidgey.png
pidgeotto,Normal,../data/images/pidgeotto.png
pidgeot,Normal,../data/images/pidgeot.png
rattata,Normal,../data/images/rattata.png
raticate,Normal,../data/images/raticate.png
spearow,Normal,../data/images/spearow.png
fearow,Normal,../data/images/fearow.png
ekans,Poison,../data/images/ekans.png
arbok,Poison,../data/images/arbok.png
pikachu,Electric,../data/images/pikachu.png
raichu,Electric,../data/images/raichu.png
sandshrew,Ground,../data/images/sandshrew.png
sandslash,Ground,../data/images/sandslash.png
nidoran-f,Poison,../data/images/nidoran-f.png
nidorina,Poison,../data/images/nidorina.png
nidoqueen,Poison,../data/images/nidoqueen.png
nidoran-m,Poison,../data/images/nidoran-m.png
nidorino,Poison,../data/images/nidorino.png
nidoking,Poison,../data/images/nidoking.png
clefairy,Fairy,../data/images/clefairy.png
clefable,Fairy,../data/images/clefable.png
vulpix,Fire,../data/images/vulpix.png
ninetales,Fire,../data/images/ninetales.png
jigglypuff,Normal,../data/images/jigglypuff.png
wigglytuff,Normal,../data/images/wigglytuff.png
zubat,Poison,../data/images/zubat.png
golbat,Poison,../data/images/golbat.png
oddish,Grass,../data/images/oddish.png
gloom,Grass,../data/images/gloom.png
vileplume,Grass,../data/images/vileplume.png
paras,Bug,../data/images/paras.png
parasect,Bug,../data/images/parasect.png
venonat,Bug,../data/images/venonat.png
venomoth,Bug,../data/images/venomoth.png
diglett,Ground,../data/images/diglett.png
dugtrio,Ground,../data/images/dugtrio.png
meowth,Normal,../data/images/meowth.png
persian,Normal,../data/images/persian.png
psyduck,Water,../data/images/psyduck.png
golduck,Water,../data/images/golduck.png
mankey,Fighting,../data/images/mankey.png
primeape,Fighting,../data/images/primeape.png
growlithe,Fire,../data/images/growlithe.png
arcanine,Fire,../data/images/arcanine.png
poliwag,Water,../data/images/poliwag.png
poliwhirl,Water,../data/images/poliwhirl.png
poliwrath,Water,../data/images/poliwrath.png
abra,Psychic,../data/images/abra.png
kadabra,Psychic,../data/images/kadabra.png
alakazam,Psychic,../data/images/alakazam.png
machop,Fighting,../data/images/machop.png
machoke,Fighting,../data/images/machoke.png
machamp,Fighting,../data/images/machamp.png
bellsprout,Grass,../data/images/bellsprout.png
weepinbell,Grass,../data/images/weepinbell.png
victreebel,Grass,../data/images/victreebel.png
tentacool,Water,../data/images/tentacool.png
tentacruel,Water,../data/images/tentacruel.png
geodude,Rock,../data/images/geodude.png
graveler,Rock,../data/images/graveler.png
golem,Rock,../data/images/golem.png
ponyta,Fire,../data/images/ponyta.png
rapidash,Fire,../data/images/rapidash.png
slowpoke,Water,../data/images/slowpoke.png
slowbro,Water,../data/images/slowbro.png
magnemite,Electric,../data/images/magnemite.png
magneton,Electric,../data/images/magneton.png
farfetchd,Normal,../data/images/farfetchd.png
doduo,Normal,../data/images/doduo.png
dodrio,Normal,../data/images/dodrio.png
seel,Water,../data/images/seel.png
dewgong,Water,../data/images/dewgong.png
grimer,Poison,../data/images/grimer.png
muk,Poison,../data/images/muk.png
shellder,Water,../data/images/shellder.png
cloyster,Water,../data/images/cloyster.png
gastly,Ghost,../data/images/gastly.png
haunter,Ghost,../data/images/haunter.png
gengar,Ghost,../data/images/gengar.png
onix,Rock,../data/images/onix.png
drowzee,Psychic,../data/images/drowzee.png
hypno,Psychic,../data/images/hypno.png
krabby,Water,../data/images/krabby.png
kingler,Water,../data/images/kingler.png
voltorb,Electric,../data/images/voltorb.png
electrode,Electric,../data/images/electrode.png
exeggcute,Grass,../data/images/exeggcute.png
exeggutor,Grass,../data/images/exeggutor.png
cubone,Ground,../data/images/cubone.png
marowak,Ground,../data/images/marowak.png
hitmonlee,Fighting,../data/images/hitmonlee.png
hitmonchan,Fighting,../data/images/hitmonchan.png
lickitung,Normal,../data/images/lickitung.png
koffing,Poison,../data/images/koffing.png
weezing,Poison,../data/images/weezing.png
rhyhorn,Ground,../data/images/rhyhorn.png
rhydon,Ground,../data/images/rhydon.png
chansey,Normal,../data/images/chansey.png
tangela,Grass,../data/images/tangela.png
kangaskhan,Normal,../data/images/kangaskhan.png
horsea,Water,../data/images/horsea.png
seadra,Water,../data/images/seadra.png
goldeen,Water,../data/images/goldeen.png
seaking,Water,../data/images/seaking.png
staryu,Water,../data/images/staryu.png
starmie,Water,../data/images/starmie.png
mr-mime,Psychic,../data/images/mr-mime.png
scyther,Bug,../data/images/scyther.png
jynx,Ice,../data/images/jynx.png
electabuzz,Electric,../data/images/electabuzz.png
magmar,Fire,../data/images/magmar.png
pinsir,Bug,../data/images/pinsir.png
tauros,Normal,../data/images/tauros.png
magikarp,Water,../data/images/magikarp.png
gyarados,Water,../data/images/gyarados.png
lapras,Water,../data/images/lapras.png
ditto,Normal,../data/images/ditto.png
eevee,Normal,../data/images/eevee.png
vaporeon,Water,../data/images/vaporeon.png
jolteon,Electric,../data/images/jolteon.png
flareon,Fire,../data/images/flareon.png
porygon,Normal,../data/images/porygon.png
omanyte,Rock,../data/images/omanyte.png
omastar,Rock,../data/images/omastar.png
kabuto,Rock,../data/images/kabuto.png
kabutops,Rock,../data/images/kabutops.png
aerodactyl,Rock,../data/images/aerodactyl.png
snorlax,Normal,../data/images/snorlax.png
articuno,Ice,../data/images/articuno.png
zapdos,Electric,../data/images/zapdos.png
moltres,Fire,../data/images/moltres.png
dratini,Dragon,../data/images/dratini.png
dragonair,Dragon,../data/images/dragonair.png
dragonite,Dragon,../data/images/dragonite.png
mewtwo,Psychic,../data/images/mewtwo.png
mew,Psychic,../data/images/mew.png
chikorita,Grass,../data/images/chikorita.png
bayleef,Grass,../data/images/bayleef.png
meganium,Grass,../data/images/meganium.png
cyndaquil,Fire,../data/images/cyndaquil.png
quilava,Fire,../data/images/quilava.png
typhlosion,Fire,../data/images/typhlosion.png
totodile,Water,../data/images/totodile.png
croconaw,Water,../data/images/croconaw.png
feraligatr,Water,../data/images/feraligatr.png
sentret,Normal,../data/images/sentret.png
furret,Normal,../data/images/furret.png
hoothoot,Normal,../data/images/hoothoot.png
noctowl,Normal,../data/images/noctowl.png
ledyba,Bug,../data/images/ledyba.png
ledian,Bug,../data/images/ledian.png
spinarak,Bug,../data/images/spinarak.png
ariados,Bug,../data/images/ariados.png
crobat,Poison,../data/images/crobat.png
chinchou,Water,../data/images/chinchou.png
lanturn,Water,../data/images/lanturn.png
pichu,Electric,../data/images/pichu.png
cleffa,Fairy,../data/images/cleffa.png
igglybuff,Normal,../data/images/igglybuff.png
togepi,Fairy,../data/images/togepi.png
togetic,Fairy,../data/images/togetic.png
natu,Psychic,../data/images/natu.png
xatu,Psychic,../data/images/xatu.png
mareep,Electric,../data/images/mareep.png
flaaffy,Electric,../data/images/flaaffy.png
ampharos,Electric,../data/images/ampharos.png
bellossom,Grass,../data/images/bellossom.png
marill,Water,../data/images/marill.png
azumarill,Water,../data/images/azumarill.png
sudowoodo,Rock,../data/images/sudowoodo.png
politoed,Water,../data/images/politoed.png
hoppip,Grass,../data/images/hoppip.png
skiploom,Grass,../data/images/skiploom.png
jumpluff,Grass,../data/images/jumpluff.png
aipom,Normal,../data/images/aipom.png
sunkern,Grass,../data/images/sunkern.png
sunflora,Grass,../data/images/sunflora.png
yanma,Bug,../data/images/yanma.png
wooper,Water,../data/images/wooper.png
quagsire,Water,../data/images/quagsire.png
espeon,Psychic,../data/images/espeon.png
umbreon,Dark,../data/images/umbreon.png
murkrow,Dark,../data/images/murkrow.png
slowking,Water,../data/images/slowking.png
misdreavus,Ghost,../data/images/misdreavus.png
unown,Psychic,../data/images/unown.png
wobbuffet,Psychic,../data/images/wobbuffet.png
girafarig,Normal,../data/images/girafarig.png
pineco,Bug,../data/images/pineco.png
forretress,Bug,../data/images/forretress.png
dunsparce,Normal,../data/images/dunsparce.png
gligar,Ground,../data/images/gligar.png
steelix,Steel,../data/images/steelix.png
snubbull,Fairy,../data/images/snubbull.png
granbull,Fairy,../data/images/granbull.png
qwilfish,Water,../data/images/qwilfish.png
scizor,Bug,../data/images/scizor.png
shuckle,Bug,../data/images/shuckle.png
heracross,Bug,../data/images/heracross.png
sneasel,Dark,../data/images/sneasel.png
teddiursa,Normal,../data/images/teddiursa.png
ursaring,Normal,../data/images/ursaring.png
slugma,Fire,../data/images/slugma.png
magcargo,Fire,../data/images/magcargo.png
swinub,Ice,../data/images/swinub.png
piloswine,Ice,../data/images/piloswine.png
corsola,Water,../data/images/corsola.png
remoraid,Water,../data/images/remoraid.png
octillery,Water,../data/images/octillery.png
delibird,Ice,../data/images/delibird.png
mantine,Water,../data/images/mantine.png
skarmory,Steel,../data/images/skarmory.png
houndour,Dark,../data/images/houndour.png
houndoom,Dark,../data/images/houndoom.png
kingdra,Water,../data/images/kingdra.png
phanpy,Ground,../data/images/phanpy.png
donphan,Ground,../data/images/donphan.png
porygon2,Normal,../data/images/porygon2.png
stantler,Normal,../data/images/stantler.png
smeargle,Normal,../data/images/smeargle.png
tyrogue,Fighting,../data/images/tyrogue.png
hitmontop,Fighting,../data/images/hitmontop.png
smoochum,Ice,../data/images/smoochum.png
elekid,Electric,../data/images/elekid.png
magby,Fire,../data/images/magby.png
miltank,Normal,../data/images/miltank.png
blissey,Normal,../data/images/blissey.png
raikou,Electric,../data/images/raikou.png
entei,Fire,../data/images/entei.png
suicune,Water,../data/images/suicune.png
larvitar,Rock,../data/images/larvitar.png
pupitar,Rock,../data/images/pupitar.png
tyranitar,Rock,../data/images/tyranitar.png
lugia,Psychic,../data/images/lugia.png
ho-oh,Fire,../data/images/ho-oh.png
celebi,Psychic,../data/images/celebi.png
treecko,Grass,../data/images/treecko.png
grovyle,Grass,../data/images/grovyle.png
sceptile,Grass,../data/images/sceptile.png
torchic,Fire,../data/images/torchic.png
combusken,Fire,../data/images/combusken.png
blaziken,Fire,../data/images/blaziken.png
mudkip,Water,../data/images/mudkip.png
marshtomp,Water,../data/images/marshtomp.png
swampert,Water,../data/images/swampert.png
poochyena,Dark,../data/images/poochyena.png
mightyena,Dark,../data/images/mightyena.png
zigzagoon,Normal,../data/images/zigzagoon.png
linoone,Normal,../data/images/linoone.png
wurmple,Bug,../data/images/wurmple.png
silcoon,Bug,../data/images/silcoon.png
beautifly,Bug,../data/images/beautifly.png
cascoon,Bug,../data/images/cascoon.png
dustox,Bug,../data/images/dustox.png
lotad,Water,../data/images/lotad.png
lombre,Water,../data/images/lombre.png
ludicolo,Water,../data/images/ludicolo.png
seedot,Grass,../data/images/seedot.png
nuzleaf,Grass,../data/images/nuzleaf.png
shiftry,Grass,../data/images/shiftry.png
taillow,Normal,../data/images/taillow.png
swellow,Normal,../data/images/swellow.png
wingull,Water,../data/images/wingull.png
pelipper,Water,../data/images/pelipper.png
ralts,Psychic,../data/images/ralts.png
kirlia,Psychic,../data/images/kirlia.png
gardevoir,Psychic,../data/images/gardevoir.png
surskit,Bug,../data/images/surskit.png
masquerain,Bug,../data/images/masquerain.png
shroomish,Grass,../data/images/shroomish.png
breloom,Grass,../data/images/breloom.png
slakoth,Normal,../data/images/slakoth.png
vigoroth,Normal,../data/images/vigoroth.png
slaking,Normal,../data/images/slaking.png
nincada,Bug,../data/images/nincada.png
ninjask,Bug,../data/images/ninjask.png
shedinja,Bug,../data/images/shedinja.png
whismur,Normal,../data/images/whismur.png
loudred,Normal,../data/images/loudred.png
exploud,Normal,../data/images/exploud.png
makuhita,Fighting,../data/images/makuhita.png
hariyama,Fighting,../data/images/hariyama.png
azurill,Normal,../data/images/azurill.png
nosepass,Rock,../data/images/nosepass.png
skitty,Normal,../data/images/skitty.png
delcatty,Normal,../data/images/delcatty.png
sableye,Dark,../data/images/sableye.png
mawile,Steel,../data/images/mawile.png
aron,Steel,../data/images/aron.png
lairon,Steel,../data/images/lairon.png
aggron,Steel,../data/images/aggron.png
meditite,Fighting,../data/images/meditite.png
medicham,Fighting,../data/images/medicham.png
electrike,Electric,../data/images/electrike.png
manectric,Electric,../data/images/manectric.png
plusle,Electric,../data/images/plusle.png
minun,Electric,../data/images/minun.png
volbeat,Bug,../data/images/volbeat.png
illumise,Bug,../data/images/illumise.png
roselia,Grass,../data/images/roselia.png
gulpin,Poison,../data/images/gulpin.png
swalot,Poison,../data/images/swalot.png
carvanha,Water,../data/images/carvanha.png
sharpedo,Water,../data/images/sharpedo.png
wailmer,Water,../data/images/wailmer.png
wailord,Water,../data/images/wailord.png
numel,Fire,../data/images/numel.png
camerupt,Fire,../data/images/camerupt.png
torkoal,Fire,../data/images/torkoal.png
spoink,Psychic,../data/images/spoink.png
grumpig,Psychic,../data/images/grumpig.png
spinda,Normal,../data/images/spinda.png
trapinch,Ground,../data/images/trapinch.png
vibrava,Ground,../data/images/vibrava.png
flygon,Ground,../data/images/flygon.png
cacnea,Grass,../data/images/cacnea.png
cacturne,Grass,../data/images/cacturne.png
swablu,Normal,../data/images/swablu.png
altaria,Dragon,../data/images/altaria.png
zangoose,Normal,../data/images/zangoose.png
seviper,Poison,../data/images/seviper.png
lunatone,Rock,../data/images/lunatone.png
solrock,Rock,../data/images/solrock.png
barboach,Water,../data/images/barboach.png
whiscash,Water,../data/images/whiscash.png
corphish,Water,../data/images/corphish.png
crawdaunt,Water,../data/images/crawdaunt.png
baltoy,Ground,../data/images/baltoy.png
claydol,Ground,../data/images/claydol.png
lileep,Rock,../data/images/lileep.png
cradily,Rock,../data/images/cradily.png
anorith,Rock,../data/images/anorith.png
armaldo,Rock,../data/images/armaldo.png
feebas,Water,../data/images/feebas.png
milotic,Water,../data/images/milotic.png
castform,Normal,../data/images/castform.png
kecleon,Normal,../data/images/kecleon.png
shuppet,Ghost,../data/images/shuppet.png
banette,Ghost,../data/images/banette.png
duskull,Ghost,../data/images/duskull.png
dusclops,Ghost,../data/images/dusclops.png
tropius,Grass,../data/images/tropius.png
chimecho,Psychic,../data/images/chimecho.png
absol,Dark,../data/images/absol.png
wynaut,Psychic,../data/images/wynaut.png
snorunt,Ice,../data/images/snorunt.png
glalie,Ice,../data/images/glalie.png
spheal,Ice,../data/images/spheal.png
sealeo,Ice,../data/images/sealeo.png
walrein,Ice,../data/images/walrein.png
clamperl,Water,../data/images/clamperl.png
huntail,Water,../data/images/huntail.png
gorebyss,Water,../data/images/gorebyss.png
relicanth,Water,../data/images/relicanth.png
luvdisc,Water,../data/images/luvdisc.png
bagon,Dragon,../data/images/bagon.png
shelgon,Dragon,../data/images/shelgon.png
salamence,Dragon,../data/images/salamence.png
beldum,Steel,../data/images/beldum.png
metang,Steel,../data/images/metang.png
metagross,Steel,../data/images/metagross.png
regirock,Rock,../data/images/regirock.png
regice,Ice,../data/images/regice.png
registeel,Steel,../data/images/registeel.png
latias,Dragon,../data/images/latias.png
latios,Dragon,../data/images/latios.png
kyogre,Water,../data/images/kyogre.png
groudon,Ground,../data/images/groudon.png
rayquaza,Dragon,../data/images/rayquaza.png
jirachi,Steel,../data/images/jirachi.png
deoxys-normal,Psychic,../data/images/deoxys-normal.png
turtwig,Grass,../data/images/turtwig.png
grotle,Grass,../data/images/grotle.png
torterra,Grass,../data/images/torterra.png
chimchar,Fire,../data/images/chimchar.png
monferno,Fire,../data/images/monferno.png
infernape,Fire,../data/images/infernape.png
piplup,Water,../data/images/piplup.png
prinplup,Water,../data/images/prinplup.png
empoleon,Water,../data/images/empoleon.png
starly,Normal,../data/images/starly.png
staravia,Normal,../data/images/staravia.png
staraptor,Normal,../data/images/staraptor.png
bidoof,Normal,../data/images/bidoof.png
bibarel,Normal,../data/images/bibarel.png
kricketot,Bug,../data/images/kricketot.png
kricketune,Bug,../data/images/kricketune.png
shinx,Electric,../data/images/shinx.png
luxio,Electric,../data/images/luxio.png
luxray,Electric,../data/images/luxray.png
budew,Grass,../data/images/budew.png
roserade,Grass,../data/images/roserade.png
cranidos,Rock,../data/images/cranidos.png
rampardos,Rock,../data/images/rampardos.png
shieldon,Rock,../data/images/shieldon.png
bastiodon,Rock,../data/images/bastiodon.png
burmy,Bug,../data/images/burmy.png
wormadam-plant,Bug,../data/images/wormadam-plant.png
mothim,Bug,../data/images/mothim.png
combee,Bug,../data/images/combee.png
vespiquen,Bug,../data/images/vespiquen.png
pachirisu,Electric,../data/images/pachirisu.png
buizel,Water,../data/images/buizel.png
floatzel,Water,../data/images/floatzel.png
cherubi,Grass,../data/images/cherubi.png
cherrim,Grass,../data/images/cherrim.png
shellos,Water,../data/images/shellos.png
gastrodon,Water,../data/images/gastrodon.png
ambipom,Normal,../data/images/ambipom.png
drifloon,Ghost,../data/images/drifloon.png
drifblim,Ghost,../data/images/drifblim.png
buneary,Normal,../data/images/buneary.png
lopunny,Normal,../data/images/lopunny.png
mismagius,Ghost,../data/images/mismagius.png
honchkrow,Dark,../data/images/honchkrow.png
glameow,Normal,../data/images/glameow.png
purugly,Normal,../data/images/purugly.png
chingling,Psychic,../data/images/chingling.png
stunky,Poison,../data/images/stunky.png
skuntank,Poison,../data/images/skuntank.png
bronzor,Steel,../data/images/bronzor.png
bronzong,Steel,../data/images/bronzong.png
bonsly,Rock,../data/images/bonsly.png
mime-jr,Psychic,../data/images/mime-jr.png
happiny,Normal,../data/images/happiny.png
chatot,Normal,../data/images/chatot.png
spiritomb,Ghost,../data/images/spiritomb.png
gible,Dragon,../data/images/gible.png
gabite,Dragon,../data/images/gabite.png
garchomp,Dragon,../data/images/garchomp.png
munchlax,Normal,../data/images/munchlax.png
riolu,Fighting,../data/images/riolu.png
lucario,Fighting,../data/images/lucario.png
hippopotas,Ground,../data/images/hippopotas.png
hippowdon,Ground,../data/images/hippowdon.png
skorupi,Poison,../data/images/skorupi.png
drapion,Poison,../data/images/drapion.png
croagunk,Poison,../data/images/croagunk.png
toxicroak,Poison,../data/images/toxicroak.png
carnivine,Grass,../data/images/carnivine.png
finneon,Water,../data/images/finneon.png
lumineon,Water,../data/images/lumineon.png
mantyke,Water,../data/images/mantyke.png
snover,Grass,../data/images/snover.png
abomasnow,Grass,../data/images/abomasnow.png
weavile,Dark,../data/images/weavile.png
magnezone,Electric,../data/images/magnezone.png
lickilicky,Normal,../data/images/lickilicky.png
rhyperior,Ground,../data/images/rhyperior.png
tangrowth,Grass,../data/images/tangrowth.png
electivire,Electric,../data/images/electivire.png
magmortar,Fire,../data/images/magmortar.png
togekiss,Fairy,../data/images/togekiss.png
yanmega,Bug,../data/images/yanmega.png
leafeon,Grass,../data/images/leafeon.png
glaceon,Ice,../data/images/glaceon.png
gliscor,Ground,../data/images/gliscor.png
mamoswine,Ice,../data/images/mamoswine.png
porygon-z,Normal,../data/images/porygon-z.png
gallade,Psychic,../data/images/gallade.png
probopass,Rock,../data/images/probopass.png
dusknoir,Ghost,../data/images/dusknoir.png
froslass,Ice,../data/images/froslass.png
rotom,Electric,../data/images/rotom.png
uxie,Psychic,../data/images/uxie.png
mesprit,Psychic,../data/images/mesprit.png
azelf,Psychic,../data/images/azelf.png
dialga,Steel,../data/images/dialga.png
palkia,Water,../data/images/palkia.png
heatran,Fire,../data/images/heatran.png
regigigas,Normal,../data/images/regigigas.png
giratina-altered,Ghost,../data/images/giratina-altered.png
cresselia,Psychic,../data/images/cresselia.png
phione,Water,../data/images/phione.png
manaphy,Water,../data/images/manaphy.png
darkrai,Dark,../data/images/darkrai.png
shaymin-land,Grass,../data/images/shaymin-land.png
arceus,Normal,../data/images/arceus.png
victini,Psychic,../data/images/victini.png
snivy,Grass,../data/images/snivy.png
servine,Grass,../data/images/servine.png
serperior,Grass,../data/images/serperior.png
tepig,Fire,../data/images/tepig.png
pignite,Fire,../data/images/pignite.png
emboar,Fire,../data/images/emboar.png
oshawott,Water,../data/images/oshawott.png
dewott,Water,../data/images/dewott.png
samurott,Water,../data/images/samurott.png
patrat,Normal,../data/images/patrat.png
watchog,Normal,../data/images/watchog.png
lillipup,Normal,../data/images/lillipup.png
herdier,Normal,../data/images/herdier.png
stoutland,Normal,../data/images/stoutland.png
purrloin,Dark,../data/images/purrloin.png
liepard,Dark,../data/images/liepard.png
pansage,Grass,../data/images/pansage.png
simisage,Grass,../data/images/simisage.png
pansear,Fire,../data/images/pansear.png
simisear,Fire,../data/images/simisear.png
panpour,Water,../data/images/panpour.png
simipour,Water,../data/images/simipour.png
munna,Psychic,../data/images/munna.png
musharna,Psychic,../data/images/musharna.png
pidove,Normal,../data/images/pidove.png
tranquill,Normal,../data/images/tranquill.png
unfezant,Normal,../data/images/unfezant.png
blitzle,Electric,../data/images/blitzle.png
zebstrika,Electric,../data/images/zebstrika.png
roggenrola,Rock,../data/images/roggenrola.png
boldore,Rock,../data/images/boldore.png
gigalith,Rock,../data/images/gigalith.png
woobat,Psychic,../data/images/woobat.png
swoobat,Psychic,../data/images/swoobat.png
drilbur,Ground,../data/images/drilbur.png
excadrill,Ground,../data/images/excadrill.png
audino,Normal,../data/images/audino.png
timburr,Fighting,../data/images/timburr.png
gurdurr,Fighting,../data/images/gurdurr.png
conkeldurr,Fighting,../data/images/conkeldurr.png
tympole,Water,../data/images/tympole.png
palpitoad,Water,../data/images/palpitoad.png
seismitoad,Water,../data/images/seismitoad.png
throh,Fighting,../data/images/throh.png
sawk,Fighting,../data/images/sawk.png
sewaddle,Bug,../data/images/sewaddle.png
swadloon,Bug,../data/images/swadloon.png
leavanny,Bug,../data/images/leavanny.png
venipede,Bug,../data/images/venipede.png
whirlipede,Bug,../data/images/whirlipede.png
scolipede,Bug,../data/images/scolipede.png
cottonee,Grass,../data/images/cottonee.png
whimsicott,Grass,../data/images/whimsicott.png
petilil,Grass,../data/images/petilil.png
lilligant,Grass,../data/images/lilligant.png
basculin-red-striped,Water,../data/images/basculin-red-striped.png
sandile,Ground,../data/images/sandile.png
krokorok,Ground,../data/images/krokorok.png
krookodile,Ground,../data/images/krookodile.png
darumaka,Fire,../data/images/darumaka.png
darmanitan-standard,Fire,../data/images/darmanitan-standard.png
maractus,Grass,../data/images/maractus.png
dwebble,Bug,../data/images/dwebble.png
crustle,Bug,../data/images/crustle.png
scraggy,Dark,../data/images/scraggy.png
scrafty,Dark,../data/images/scrafty.png
sigilyph,Psychic,../data/images/sigilyph.png
yamask,Ghost,../data/images/yamask.png
cofagrigus,Ghost,../data/images/cofagrigus.png
tirtouga,Water,../data/images/tirtouga.png
carracosta,Water,../data/images/carracosta.png
archen,Rock,../data/images/archen.png
archeops,Rock,../data/images/archeops.png
trubbish,Poison,../data/images/trubbish.png
garbodor,Poison,../data/images/garbodor.png
zorua,Dark,../data/images/zorua.png
zoroark,Dark,../data/images/zoroark.png
minccino,Normal,../data/images/minccino.png
cinccino,Normal,../data/images/cinccino.png
gothita,Psychic,../data/images/gothita.png
gothorita,Psychic,../data/images/gothorita.png
gothitelle,Psychic,../data/images/gothitelle.png
solosis,Psychic,../data/images/solosis.png
duosion,Psychic,../data/images/duosion.png
reuniclus,Psychic,../data/images/reuniclus.png
ducklett,Water,../data/images/ducklett.png
swanna,Water,../data/images/swanna.png
vanillite,Ice,../data/images/vanillite.png
vanillish,Ice,../data/images/vanillish.png
vanilluxe,Ice,../data/images/vanilluxe.png
deerling,Normal,../data/images/deerling.png
sawsbuck,Normal,../data/images/sawsbuck.png
emolga,Electric,../data/images/emolga.png
karrablast,Bug,../data/images/karrablast.png
escavalier,Bug,../data/images/escavalier.png
foongus,Grass,../data/images/foongus.png
amoonguss,Grass,../data/images/amoonguss.png
frillish,Water,../data/images/frillish.png
jellicent,Water,../data/images/jellicent.png
alomomola,Water,../data/images/alomomola.png
joltik,Bug,../data/images/joltik.png
galvantula,Bug,../data/images/galvantula.png
ferroseed,Grass,../data/images/ferroseed.png
ferrothorn,Grass,../data/images/ferrothorn.png
klink,Steel,../data/images/klink.png
klang,Steel,../data/images/klang.png
klinklang,Steel,../data/images/klinklang.png
tynamo,Electric,../data/images/tynamo.png
eelektrik,Electric,../data/images/eelektrik.png
eelektross,Electric,../data/images/eelektross.png
elgyem,Psychic,../data/images/elgyem.png
beheeyem,Psychic,../data/images/beheeyem.png
litwick,Ghost,../data/images/litwick.png
lampent,Ghost,../data/images/lampent.png
chandelure,Ghost,../data/images/chandelure.png
axew,Dragon,../data/images/axew.png
fraxure,Dragon,../data/images/fraxure.png
haxorus,Dragon,../data/images/haxorus.png
cubchoo,Ice,../data/images/cubchoo.png
beartic,Ice,../data/images/beartic.png
cryogonal,Ice,../data/images/cryogonal.png
shelmet,Bug,../data/images/shelmet.png
accelgor,Bug,../data/images/accelgor.png
stunfisk,Ground,../data/images/stunfisk.png
mienfoo,Fighting,../data/images/mienfoo.png
mienshao,Fighting,../data/images/mienshao.png
druddigon,Dragon,../data/images/druddigon.png
golett,Ground,../data/images/golett.png
golurk,Ground,../data/images/golurk.png
pawniard,Dark,../data/images/pawniard.png
bisharp,Dark,../data/images/bisharp.png
bouffalant,Normal,../data/images/bouffalant.png
rufflet,Normal,../data/images/rufflet.png
braviary,Normal,../data/images/braviary.png
vullaby,Dark,../data/images/vullaby.png
mandibuzz,Dark,../data/images/mandibuzz.png
heatmor,Fire,../data/images/heatmor.png
durant,Bug,../data/images/durant.png
deino,Dark,../data/images/deino.png
zweilous,Dark,../data/images/zweilous.png
hydreigon,Dark,../data/images/hydreigon.png
larvesta,Bug,../data/images/larvesta.png
volcarona,Bug,../data/images/volcarona.png
cobalion,Steel,../data/images/cobalion.png
terrakion,Rock,../data/images/terrakion.png
virizion,Grass,../data/images/virizion.png
tornadus-incarnate,Flying,../data/images/tornadus-incarnate.png
thundurus-incarnate,Electric,../data/images/thundurus-incarnate.png
reshiram,Dragon,../data/images/reshiram.png
zekrom,Dragon,../data/images/zekrom.png
landorus-incarnate,Ground,../data/images/landorus-incarnate.png
kyurem,Dragon,../data/images/kyurem.png
keldeo-ordinary,Water,../data/images/keldeo-ordinary.png
meloetta-aria,Normal,../data/images/meloetta-aria.png
genesect,Bug,../data/images/genesect.png
chespin,Grass,../data/images/chespin.png
quilladin,Grass,../data/images/quilladin.png
chesnaught,Grass,../data/images/chesnaught.png
fennekin,Fire,../data/images/fennekin.png
braixen,Fire,../data/images/braixen.png
delphox,Fire,../data/images/delphox.png
froakie,Water,../data/images/froakie.png
frogadier,Water,../data/images/frogadier.png
greninja,Water,../data/images/greninja.png
bunnelby,Normal,../data/images/bunnelby.png
diggersby,Normal,../data/images/diggersby.png
fletchling,Normal,../data/images/fletchling.png
fletchinder,Fire,../data/images/fletchinder.png
talonflame,Fire,../data/images/talonflame.png
scatterbug,Bug,../data/images/scatterbug.png
spewpa,Bug,../data/images/spewpa.png
vivillon,Bug,../data/images/vivillon.png
litleo,Fire,../data/images/litleo.png
pyroar,Fire,../data/images/pyroar.png
flabebe,Fairy,../data/images/flabebe.png
floette,Fairy,../data/images/floette.png
florges,Fairy,../data/images/florges.png
skiddo,Grass,../data/images/skiddo.png
gogoat,Grass,../data/images/gogoat.png
pancham,Fighting,../data/images/pancham.png
pangoro,Fighting,../data/images/pangoro.png
furfrou,Normal,../data/images/furfrou.png
espurr,Psychic,../data/images/espurr.png
meowstic-male,Psychic,../data/images/meowstic-male.png
honedge,Steel,../data/images/honedge.png
doublade,Steel,../data/images/doublade.png
aegislash-blade,Steel,../data/images/aegislash-blade.png
spritzee,Fairy,../data/images/spritzee.png
aromatisse,Fairy,../data/images/aromatisse.png
swirlix,Fairy,../data/images/swirlix.png
slurpuff,Fairy,../data/images/slurpuff.png
inkay,Dark,../data/images/inkay.png
malamar,Dark,../data/images/malamar.png
binacle,Rock,../data/images/binacle.png
barbaracle,Rock,../data/images/barbaracle.png
skrelp,Poison,../data/images/skrelp.png
dragalge,Poison,../data/images/dragalge.png
clauncher,Water,../data/images/clauncher.png
clawitzer,Water,../data/images/clawitzer.png
helioptile,Electric,../data/images/helioptile.png
heliolisk,Electric,../data/images/heliolisk.png
tyrunt,Rock,../data/images/tyrunt.png
tyrantrum,Rock,../data/images/tyrantrum.png
amaura,Rock,../data/images/amaura.png
aurorus,Rock,../data/images/aurorus.png
sylveon,Fairy,../data/images/sylveon.png
hawlucha,Fighting,../data/images/hawlucha.png
dedenne,Electric,../data/images/dedenne.png
carbink,Rock,../data/images/carbink.png
goomy,Dragon,../data/images/goomy.png
sliggoo,Dragon,../data/images/sliggoo.png
goodra,Dragon,../data/images/goodra.png
klefki,Steel,../data/images/klefki.png
phantump,Ghost,../data/images/phantump.png
trevenant,Ghost,../data/images/trevenant.png
pumpkaboo-average,Ghost,../data/images/pumpkaboo-average.png
gourgeist-average,Ghost,../data/images/gourgeist-average.png
bergmite,Ice,../data/images/bergmite.png
avalugg,Ice,../data/images/avalugg.png
noibat,Flying,../data/images/noibat.png
noivern,Flying,../data/images/noivern.png
xerneas,Fairy,../data/images/xerneas.png
yveltal,Dark,../data/images/yveltal.png
zygarde-50,Dragon,../data/images/zygarde-50.png
diancie,Rock,../data/images/diancie.png
hoopa-confined,Psychic,../data/images/hoopa-confined.png
volcanion,Fire,../data/images/volcanion.png
rowlet,Grass,../data/images/rowlet.png
dartrix,Grass,../data/images/dartrix.png
decidueye,Grass,../data/images/decidueye.png
litten,Fire,../data/images/litten.png
torracat,Fire,../data/images/torracat.png
incineroar,Fire,../data/images/incineroar.png
popplio,Water,../data/images/popplio.png
brionne,Water,../data/images/brionne.png
primarina,Water,../data/images/primarina.png
pikipek,Normal,../data/images/pikipek.png
trumbeak,Normal,../data/images/trumbeak.png
toucannon,Normal,../data/images/toucannon.png
yungoos,Normal,../data/images/yungoos.png
gumshoos,Normal,../data/images/gumshoos.png
grubbin,Bug,../data/images/grubbin.png
charjabug,Bug,../data/images/charjabug.png
vikavolt,Bug,../data/images/vikavolt.png
crabrawler,Fighting,../data/images/crabrawler.png
crabominable,Fighting,../data/images/crabominable.png
oricorio-baile,Fire,../data/images/oricorio-baile.png
cutiefly,Bug,../data/images/cutiefly.png
ribombee,Bug,../data/images/ribombee.png
rockruff,Rock,../data/images/rockruff.png
lycanroc-midday,Rock,../data/images/lycanroc-midday.png
wishiwashi-solo,Water,../data/images/wishiwashi-solo.png
mareanie,Poison,../data/images/mareanie.png
toxapex,Poison,../data/images/toxapex.png
mudbray,Ground,../data/images/mudbray.png
mudsdale,Ground,../data/images/mudsdale.png
dewpider,Water,../data/images/dewpider.png
araquanid,Water,../data/images/araquanid.png
fomantis,Grass,../data/images/fomantis.png
lurantis,Grass,../data/images/lurantis.png
morelull,Grass,../data/images/morelull.png
shiinotic,Grass,../data/images/shiinotic.png
salandit,Poison,../data/images/salandit.png
salazzle,Poison,../data/images/salazzle.png
stufful,Normal,../data/images/stufful.png
bewear,Normal,../data/images/bewear.png
bounsweet,Grass,../data/images/bounsweet.png
steenee,Grass,../data/images/steenee.png
tsareena,Grass,../data/images/tsareena.png
comfey,Fairy,../data/images/comfey.png
oranguru,Normal,../data/images/oranguru.png
passimian,Fighting,../data/images/passimian.png
wimpod,Bug,../data/images/wimpod.png
golisopod,Bug,../data/images/golisopod.png
sandygast,Ghost,../data/images/sandygast.png
palossand,Ghost,../data/images/palossand.png
pyukumuku,Water,../data/images/pyukumuku.png
type-null,Normal,../data/images/type-null.png
silvally,Normal,../data/images/silvally.png
minior-meteor,Rock,../data/images/minior-meteor.png
komala,Normal,../data/images/komala.png
turtonator,Fire,../data/images/turtonator.png
togedemaru,Electric,../data/images/togedemaru.png
mimikyu,Ghost,../data/images/mimikyu.png
bruxish,Water,../data/images/bruxish.png
drampa,Normal,../data/images/drampa.png
dhelmise,Ghost,../data/images/dhelmise.png
jangmo-o,Dragon,../data/images/jangmo-o.png
hakamo-o,Dragon,../data/images/hakamo-o.png
kommo-o,Dragon,../data/images/kommo-o.png
tapu-koko,Electric,../data/images/tapu-koko.png
tapu-lele,Psychic,../data/images/tapu-lele.png
tapu-bulu,Grass,../data/images/tapu-bulu.png
tapu-fini,Water,../data/images/tapu-fini.png
cosmog,Psychic,../data/images/cosmog.png
cosmoem,Psychic,../data/images/cosmoem.png
solgaleo,Psychic,../data/images/solgaleo.png
lunala,Psychic,../data/images/lunala.png
nihilego,Rock,../data/images/nihilego.png
buzzwole,Bug,../data/images/buzzwole.png
pheromosa,Bug,../data/images/pheromosa.png
xurkitree,Electric,../data/images/xurkitree.png
celesteela,Steel,../data/images/celesteela.png
kartana,Grass,../data/images/kartana.png
guzzlord,Dark,../data/images/guzzlord.png
necrozma,Psychic,../data/images/necrozma.png
magearna,Steel,../data/images/magearna.png
marshadow,Fighting,../data/images/marshadow.png
poipole,Poison,../data/images/poipole.png
naganadel,Poison,../data/images/naganadel.png
stakataka,Rock,../data/images/stakataka.png
blacephalon,Fire,../data/images/blacephalon.png
zeraora,Electric,../data/images/zeraora.png
meltan,Steel,../data/images/meltan.png
melmetal,Steel,../data/images/melmetal.png
